"月1","月2","月3","月4","月5","火1","火2","火3","火4","火5","水1","水2","水3","水4","水5","水6","木1","木2","木3","木4","木5","金1","金2","金3","金4","金5"
"空き","3,一般教養,一般教養","3,線形代数,川崎","3,一般教養,一般教養","3,一般教養,一般教養","3,一般教養,一般教養","空き","4,設計製図,清水","空き","空き","3,一般教養,一般教養","3,一般教養,一般教養","3,一般教養,一般教養","3,熱力学,中山","3,一般教養,一般教養","3,一般教養,一般教養","3,化学2,寺崎","3,一般教養,一般教養","空き","4,微分積分学・,梅野","4,ソフトパス理工学概論,鎌田","3,一般教養,一般教養","空き","3,物理材料理工学基礎,小林","空き","4,微分方程式,吉澤"
"空き","3,一般教養,一般教養","3,複素解析,尾臺","空き","空き","3,一般教養,一般教養","3,一般教養,一般教養","空き","4,化学技術英語,Newbury","空き","空き","4,統計物理学,中西","空き","空き","空き","3,一般教養,一般教養","空き","3,一般教養,一般教養","3,化学実験,寺崎","空き","空き","4,電磁気学・,藤代","空き","空き","4,光学,石垣","4,量子物理学・,松川"
"4,誘電体材料学,小林","空き","空き","空き","空き","4,物理材料理工学実験・,葛原","空き","4,有機化学,吉本","空き","空き","空き","4,超電導理工学,松川","空き","空き","空き","空き","4,プログラミング学,瓜生","4,ナノ理工学,瓜生","空き","4,電子物性学,吉澤","空き","4,物理材料理工学実験・,葛原","空き","空き","4,特別講義・,奈良","空き"
"空き","空き","空き","空き","空き","空き","空き","空き","空き","空き","空き","空き","空き","空き","空き","空き","空き","空き","空き","空き","空き","空き","空き","空き","空き","空き"
"空き","空き","空き","空き","空き","空き","空き","空き","空き","空き","空き","空き","空き","空き","空き","空き","空き","空き","空き","空き","空き","空き","空き","空き","空き","空き"
"空き","空き","空き","3,応用確率統計学,川崎","空き","空き","空き","3,幾何学2,吉井","空き","空き","空き","空き","空き","空き","空き","空き","空き","空き","空き","空き","空き","空き","空き","空き","空き","空き"
"空き","空き","4,物理数学演習・,西崎","空き","空き","空き","空き","空き","空き","3,現代物理学・,花見","4,応用解析学,宮島","空き","4,粒子線計測学,成田","空き","空き","空き","空き","空き","空き","空き","空き","空き","空き","空き","空き","空き"
"空き","空き","空き","空き","空き","空き","空き","空き","空き","空き","空き","空き","空き","空き","空き","空き","空き","空き","空き","空き","空き","空き","空き","空き","空き","空き"
"空き","空き","空き","空き","空き","空き","空き","空き","空き","空き","空き","空き","空き","空き","空き","空き","空き","空き","空き","空き","空き","空き","空き","空き","空き","空き"
"空き","空き","空き","空き","空き","空き","空き","空き","空き","空き","4,材料物理化学・,葛原","空き","空き","4,材料力学,平塚","4,金属構造材料学,水本","空き","3,材料組織学・,山口(明)","空き","空き","空き","空き","空き","空き","空き","空き","空き"
"空き","空き","4,鋳造材料学,晴山(巧)","空き","4,半導体デバイス工学,藤代","空き","空き","空き","空き","空き","空き","空き","空き","空き","4,エコ材料学,平塚","空き","空き","空き","空き","空き","4,複合材料学,水本","空き","空き","空き","空き","空き"
"空き","空き","空き","空き","空き","空き","空き","空き","空き","空き","空き","空き","空き","空き","空き","空き","空き","空き","空き","空き","空き","空き","空き","空き","空き","空き"
"月1","月2","月3","月4","月5","火1","火2","火3","火4","火5","水1","水2","水3","水4","水5","水6","木1","木2","木3","木4","木5","金1","金2","金3","金4","金5"
"空き","3,一般教養,一般教養","3,線形代数,川崎","3,一般教養,一般教養","3,一般教養,一般教養","3,一般教養,一般教養","空き","4,設計製図,清水","空き","空き","3,一般教養,一般教養","3,一般教養,一般教養","3,一般教養,一般教養","3,熱力学,中山","3,一般教養,一般教養","3,一般教養,一般教養","3,化学2,寺崎","3,一般教養,一般教養","空き","4,微分積分学・,梅野","4,ソフトパス理工学概論,鎌田","3,一般教養,一般教養","空き","3,物理材料理工学基礎,小林","空き","4,微分方程式,吉澤"
"空き","3,一般教養,一般教養","3,複素解析,尾臺","3,応用確率統計学,川崎","空き","3,一般教養,一般教養","3,一般教養,一般教養","3,幾何学2,吉井","4,化学技術英語,Newbury","空き","空き","4,統計物理学,中西","空き","空き","空き","3,一般教養,一般教養","空き","3,一般教養,一般教養","3,化学実験,寺崎","空き","空き","4,電磁気学・,藤代","空き","空き","4,光学,石垣","4,量子物理学・,松川"
"4,誘電体材料学,小林","空き","4,物理数学演習・,西崎","空き","空き","4,物理材料理工学実験・,葛原","空き","4,有機化学,吉本","空き","3,現代物理学・,花見","4,応用解析学,宮島","4,超電導理工学,松川","4,粒子線計測学,成田","空き","空き","空き","4,プログラミング学,瓜生","4,ナノ理工学,瓜生","空き","4,電子物性学,吉澤","空き","4,物理材料理工学実験・,葛原","空き","空き","4,特別講義・,奈良","空き"
"空き","空き","空き","空き","空き","空き","空き","空き","空き","空き","空き","空き","空き","空き","空き","空き","空き","空き","空き","空き","空き","空き","空き","空き","空き","空き"
"月1","月2","月3","月4","月5","火1","火2","火3","火4","火5","水1","水2","水3","水4","水5","水6","木1","木2","木3","木4","木5","金1","金2","金3","金4","金5"
"空き","3,一般教養,一般教養","3,線形代数,川崎","3,一般教養,一般教養","3,一般教養,一般教養","3,一般教養,一般教養","空き","4,設計製図,清水","空き","空き","3,一般教養,一般教養","3,一般教養,一般教養","3,一般教養,一般教養","3,熱力学,中山","3,一般教養,一般教養","3,一般教養,一般教養","3,化学2,寺崎","3,一般教養,一般教養","空き","4,微分積分学・,梅野","4,ソフトパス理工学概論,鎌田","3,一般教養,一般教養","空き","3,物理材料理工学基礎,小林","空き","4,微分方程式,吉澤"
"空き","3,一般教養,一般教養","3,複素解析,尾臺","空き","空き","3,一般教養,一般教養","3,一般教養,一般教養","空き","4,化学技術英語,Newbury","空き","4,材料物理化学・,葛原","4,統計物理学,中西","空き","4,材料力学,平塚","4,金属構造材料学,水本","3,一般教養,一般教養","3,材料組織学・,山口(明)","3,一般教養,一般教養","3,化学実験,寺崎","空き","空き","4,電磁気学・,藤代","空き","空き","4,光学,石垣","4,量子物理学・,松川"
"4,誘電体材料学,小林","空き","4,鋳造材料学,晴山(巧)","空き","4,半導体デバイス工学,藤代","4,物理材料理工学実験・,葛原","空き","4,有機化学,吉本","空き","空き","空き","4,超電導理工学,松川","空き","空き","4,エコ材料学,平塚","空き","4,プログラミング学,瓜生","4,ナノ理工学,瓜生","空き","4,電子物性学,吉澤","4,複合材料学,水本","4,物理材料理工学実験・,葛原","空き","空き","4,特別講義・,奈良","空き"
"空き","空き","空き","空き","空き","空き","空き","空き","空き","空き","空き","空き","空き","空き","空き","空き","空き","空き","空き","空き","空き","空き","空き","空き","空き","空き"
